{
    "parent": "izzy_vault:items/pandora_box",
    "display": {
      "icon": {
        "item": "the_vault:mod_box"
      },
      "title": {"text": "Special Roll Items"},
      "description": {"text": "Find a Mod Box"}
    },
    "criteria": {
      "craft_mod_box": {
        "trigger": "minecraft:inventory_changed",
        "conditions": {
          "items": [
            {
              "items": [
                "the_vault:mod_box"
              ]
            }
          ]
        }
      }
    }
}