{
    "parent": "izzy_vault:items/vault_fruit",
    "display": {
      "icon": {
        "item": "the_vault:sweet_kiwi"
      },
      "title": {"text": "A Fruit Salad"},
      "description": {"text": "Collect all Vault Fruit"},
      "frame": "challenge",
      "hidden": true
    },
    "criteria": {
      "kiwi": {
        "trigger": "minecraft:inventory_changed",
        "conditions": {
          "items": [
            {
              "items": [
                "the_vault:sweet_kiwi"
              ]
            }
          ]
        }
      },
      "lemon": {
        "trigger": "minecraft:inventory_changed",
        "conditions": {
          "items": [
            {
              "items": [
                "the_vault:bitter_lemon"
              ]
            }
          ]
        }
      },
      "orange": {
        "trigger": "minecraft:inventory_changed",
        "conditions": {
          "items": [
            {
              "items": [
                "the_vault:sour_orange"
              ]
            }
          ]
        }
      }
    },
    "requirements": [
        ["kiwi"],
        ["lemon"],
        ["orange"]
    ]
  }