{
    "parent": "izzy_vault:items/potion",
    "display": {
      "icon": {
        "item": "the_vault:alchemy_table"
      },
      "title": {"text": "Potionomics"},
      "description": {"text": "Create a Alchemy Table"}
    },
    "criteria": {
      "craft_item": {
        "trigger": "minecraft:inventory_changed",
        "conditions": {
          "items": [
            {
              "items": [
                "the_vault:alchemy_table"
              ]
            }
          ]
        }
      }
    }
  }