{
    "parent": "izzy_vault:items/vault_gear",
    "display": {
      "icon": {
        "item": "the_vault:enhancement_altar"
      },
      "title": {"text": "Reinforcing Upgrades"},
      "description": {"text": "Interact with a Enhancement Altar in a Vault"},
      "frame": "goal"
    },
    "criteria": {
        "iskallium": {
            "trigger": "minecraft:item_used_on_block",
            "conditions": {
              "location": {
                "block": {
                  "blocks": [
                    "the_vault:enhancement_altar"
                  ]
                }
              }
            }
          }
    }
  }



