{
    "parent": "izzy_vault:items/vault_gear",
    "display": {
      "icon": {
        "item": "the_vault:identification_stand"
      },
      "title": {"text": "Speedrunning Items"},
      "description": {"text": "Create an Identification Stand"}
    },
    "criteria": {
      "craft_item": {
        "trigger": "minecraft:inventory_changed",
        "conditions": {
          "items": [
            {
              "items": [
                "the_vault:identification_stand"
              ]
            }
          ]
        }
      }
    }
  }