{
    "parent": "izzy_vault:blocks/eat_cake",
    "display": {
      "icon": {
        "item": "the_vault:crake_pedestal"
      },
      "title": {"text": "Too much Cake for me"},
      "description": {"text": "Interact with a Crake Pedestal in a Vault"},
      "frame": "goal"
    },
    "criteria": {
        "iskallium": {
          "trigger": "minecraft:item_used_on_block",
          "conditions": {
            "location": {
              "block": {
                "blocks": [
                  "the_vault:crake_pedestal"
                ]
              }
            }
          }
        }
      }
  }