{
    "parent": "izzy_vault:items/infused_eternal_soul",
    "display": {
      "icon": {
        "item": "the_vault:loot_statue"
      },
      "title": {"text": "Free Stuff"},
      "description": {"text": "Create a Statue"}
    },
    "criteria": {
      "craft_item": {
        "trigger": "minecraft:inventory_changed",
        "conditions": {
          "items": [
            {
              "items": [
                "the_vault:loot_statue"
              ]
            }
          ]
        }
      }
    }
  }