{
    "parent": "izzy_vault:blocks/black_market",
    "display": {
      "icon": {
        "item": "the_vault:vault_diffuser"
      },
      "title": {"text": "Selling for a profit"},
      "description": {"text": "Create a Vault Soul Diffuser"},
      "frame": "goal"
    },
    "criteria": {
      "craft_item": {
        "trigger": "minecraft:inventory_changed",
        "conditions": {
          "items": [
            {
              "items": [
                "the_vault:vault_diffuser"
              ]
            }
          ]
        }
      }
    }
  }